timestamp,frame,tracker_id,speed_kmh
1756456016.3271675,12,1,1051.333
1756456016.3271675,12,2,2167.215
1756456016.3271675,12,3,1035.951
1756456016.3271675,12,4,621.673
1756456016.7123563,13,1,1099.795
1756456016.7123563,13,2,2112.085
1756456016.7123563,13,3,1083.021
1756456016.7123563,13,4,637.751
1756456017.0542603,14,1,1135.767
1756456017.055258,14,2,2054.236
1756456017.055258,14,3,1098.829
1756456017.055258,14,4,664.651
1756456017.4344003,15,1,1170.992
1756456017.4344003,15,2,1995.918
1756456017.4344003,15,3,1164.557
1756456017.4344003,15,4,701.435
1756456017.7916155,16,1,1197.829
1756456017.7916155,16,2,1941.425
1756456017.7916155,16,3,1218.885
1756456017.7916155,16,4,725.069
1756456018.153781,17,1,1257.774
1756456018.153781,17,2,1881.961
1756456018.153781,17,3,1291.152
1756456018.153781,17,4,741.250
1756456018.4833193,18,1,1300.636
1756456018.4833193,18,2,1839.590
1756456018.4833193,18,3,1354.381
1756456018.4833193,18,4,770.523
1756456018.8738997,19,1,1345.086
1756456018.8738997,19,2,1797.199
1756456018.8738997,19,3,1432.828
1756456018.8738997,19,4,814.933
1756456019.2327251,20,1,1403.559
1756456019.2327251,20,2,1749.961
1756456019.2327251,20,3,1496.168
1756456019.2327251,20,4,858.856
1756456019.6744356,21,1,1459.434
1756456019.6744356,21,2,1704.485
1756456019.6744356,21,3,1571.209
1756456019.6744356,21,4,878.420
1756456020.1200054,22,1,1503.284
1756456020.1200054,22,2,1666.981
1756456020.1200054,22,3,1678.170
1756456020.1200054,22,4,908.580
1756456020.4451244,23,1,1556.045
1756456020.4451244,23,2,1627.605
1756456020.4451244,23,3,1805.059
1756456020.4451244,23,4,960.600
1756456020.8539872,24,1,1626.547
1756456020.8539872,24,2,1591.624
1756456020.8539872,24,3,1929.261
1756456020.8539872,24,4,994.654
1756456020.8539872,24,7,5.858
1756456021.243159,25,1,1720.847
1756456021.243159,25,2,1554.786
1756456021.243159,25,3,2056.909
1756456021.243159,25,4,1030.157
1756456021.243159,25,7,19.866
1756456021.6266253,26,1,1861.666
1756456021.6266253,26,2,1440.242
1756456021.6266253,26,3,2280.974
1756456021.6266253,26,4,1099.874
1756456021.6266253,26,7,25.200
1756456022.0166204,27,1,2017.702
1756456022.0166204,27,2,1353.213
1756456022.0166204,27,3,2500.570
1756456022.0166204,27,4,1218.803
1756456022.0166204,27,7,31.239
1756456022.3743572,28,1,2160.806
1756456022.3743572,28,2,1256.667
1756456022.3743572,28,3,2784.494
1756456022.3743572,28,4,1310.756
1756456022.3743572,28,7,34.291
1756456022.7867372,29,1,2340.249
1756456022.7867372,29,2,1173.115
1756456022.7867372,29,3,3189.762
1756456022.7867372,29,4,1411.542
1756456022.7867372,29,7,35.035
1756456023.1463675,30,1,2531.625
1756456023.1463675,30,2,1086.409
1756456023.1463675,30,3,3612.004
1756456023.1463675,30,4,1520.189
1756456023.1463675,30,7,34.347
1756456023.489574,31,1,2733.566
1756456023.489574,31,2,1018.955
1756456023.489574,31,3,4186.029
1756456023.489574,31,4,1629.252
1756456023.489574,31,7,33.766
1756456023.8300157,32,1,2918.360
1756456023.8300157,32,2,956.409
1756456023.8300157,32,3,4782.356
1756456023.8300157,32,4,1702.410
1756456023.8300157,32,7,32.787
1756456024.1381302,33,1,3196.509
1756456024.1381302,33,2,897.993
1756456024.1381302,33,3,5784.826
1756456024.1381302,33,4,1844.843
1756456024.4815075,34,1,3614.512
1756456024.4815075,34,2,845.489
1756456024.4815075,34,3,7113.828
1756456024.4815075,34,4,2072.871
1756456024.8695662,35,1,4052.885
1756456024.8695662,35,2,805.298
1756456024.8695662,35,3,9054.824
1756456024.8695662,35,4,2343.132
1756456024.8695662,35,8,33.048
1756456025.261164,36,1,4534.256
1756456025.261164,36,2,753.877
1756456025.261164,36,3,11987.497
1756456025.261164,36,4,2428.010
1756456025.261164,36,8,33.001
1756456025.6560209,37,1,5062.569
1756456025.6560209,37,2,712.834
1756456025.6560209,37,3,16726.961
1756456025.6560209,37,4,2695.310
1756456025.6560209,37,8,34.320
1756456026.0267036,38,1,5607.283
1756456026.0267036,38,2,677.407
1756456026.0267036,38,3,29232.389
1756456026.0267036,38,4,2960.958
1756456026.0267036,38,8,35.202
1756456026.3569102,39,1,6445.793
1756456026.3569102,39,2,644.589
1756456026.3569102,39,3,107082.125
1756456026.3569102,39,4,3334.021
1756456026.3569102,39,8,35.724
1756456026.6479163,40,1,7781.631
1756456026.6479163,40,2,613.590
1756456026.6479163,40,3,105783.336
1756456026.6479163,40,4,3835.508
1756456026.6479163,40,8,36.220
1756456026.9383402,41,1,9454.424
1756456026.9383402,41,2,592.380
1756456026.9383402,41,3,34879.543
1756456026.9383402,41,4,4427.339
1756456026.9383402,41,8,36.029
1756456027.3353689,42,1,11592.228
1756456027.3353689,42,2,561.403
1756456027.3353689,42,3,21212.836
1756456027.3353689,42,4,5296.875
1756456027.3353689,42,8,36.419
1756456027.7081902,43,1,14547.760
1756456027.7081902,43,2,534.399
1756456027.7081902,43,3,16095.411
1756456027.7081902,43,4,6518.408
1756456027.7081902,43,8,36.360
1756456028.0284832,44,1,18974.805
1756456028.0284832,44,2,512.752
1756456028.0284832,44,3,13062.344
1756456028.0284832,44,4,8255.938
1756456028.0284832,44,8,36.299
1756456028.3979468,45,1,26240.600
1756456028.3979468,45,2,492.579
1756456028.3979468,45,3,11166.641
1756456028.3979468,45,4,10890.274
1756456028.3979468,45,8,35.482
1756456028.7421257,46,1,49132.410
1756456028.7421257,46,2,469.594
1756456028.7421257,46,3,9928.487
1756456028.7421257,46,4,16023.997
1756456028.7421257,46,8,35.221
1756456029.1805272,47,1,205013.312
1756456029.1805272,47,2,451.716
1756456029.1805272,47,3,9162.204
1756456029.1805272,47,4,28526.994
1756456029.1805272,47,8,35.148
1756456029.1805272,47,9,51312.930
1756456029.6298606,48,1,125127.688
1756456029.6308606,48,2,435.574
1756456029.6308606,48,3,8668.048
1756456029.6308606,48,4,79776.766
1756456029.6308606,48,8,35.270
1756456029.6308606,48,9,38171.316
1756456029.9945116,49,1,51488.977
1756456029.9945116,49,2,420.355
1756456029.9945116,49,3,8593.232
1756456029.9955118,49,4,95975.797
1756456029.9955118,49,8,35.289
1756456029.9955118,49,9,30382.051
1756456030.3737638,50,1,33081.918
1756456030.3737638,50,2,405.835
1756456030.3747637,50,3,8744.269
1756456030.3747637,50,4,31868.789
1756456030.3747637,50,8,34.923
1756456030.3747637,50,9,25391.168
1756456030.7516427,51,1,24647.309
1756456030.7516427,51,2,385.669
1756456030.7516427,51,3,8971.358
1756456030.7516427,51,4,20344.932
1756456030.7516427,51,8,35.043
1756456030.7516427,51,9,21538.654
1756456031.1429052,52,1,20105.100
1756456031.1429052,52,2,373.850
1756456031.1429052,52,3,9273.419
1756456031.1429052,52,4,15248.857
1756456031.1429052,52,8,34.774
1756456031.1429052,52,9,18859.311
1756456031.514543,53,1,17361.637
1756456031.514543,53,2,357.730
1756456031.514543,53,3,9756.313
1756456031.514543,53,4,12415.229
1756456031.514543,53,8,34.854
1756456031.514543,53,9,16761.320
1756456031.8636534,54,1,15674.590
1756456031.8636534,54,2,342.952
1756456031.8636534,54,3,10256.977
1756456031.8636534,54,4,10740.159
1756456031.8636534,54,8,35.094
1756456031.8636534,54,9,15163.052
1756456032.2161415,55,1,14502.896
1756456032.2161415,55,2,336.007
1756456032.2161415,55,3,10879.427
1756456032.2161415,55,4,9593.117
1756456032.2161415,55,8,34.664
1756456032.2161415,55,9,13778.180
1756456032.6206117,56,1,13376.112
1756456032.6216116,56,2,325.002
1756456032.6216116,56,4,8809.367
1756456032.6216116,56,8,34.420
1756456032.6216116,56,9,12687.988
1756456032.9954195,57,1,12849.226
1756456032.9954195,57,2,314.304
1756456032.9954195,57,4,8419.145
1756456032.9954195,57,8,35.162
1756456032.9954195,57,9,11748.903
1756456033.3645773,58,1,12593.908
1756456033.3645773,58,2,300.467
1756456033.3645773,58,4,8486.831
1756456033.3645773,58,8,35.492
1756456033.3645773,58,9,10917.855
1756456033.7490413,59,1,12556.029
1756456033.7490413,59,2,287.226
1756456033.7490413,59,4,8728.335
1756456033.7490413,59,8,35.764
1756456033.7490413,59,9,10216.977
1756456033.7490413,59,11,16.193
1756456034.0818121,60,1,12517.195
1756456034.0818121,60,2,280.631
1756456034.0818121,60,4,8829.690
1756456034.0818121,60,8,35.834
1756456034.0818121,60,9,9603.896
1756456034.0818121,60,11,13.819
1756456034.4487863,61,1,12756.086
1756456034.4487863,61,2,273.125
1756456034.4487863,61,4,9184.312
1756456034.4487863,61,8,35.298
1756456034.4487863,61,9,9746.440
1756456034.4487863,61,11,11.974
1756456034.8119338,62,1,13168.766
1756456034.8119338,62,2,263.949
1756456034.8119338,62,4,9507.019
1756456034.8119338,62,8,35.416
1756456034.8130736,62,9,10537.110
1756456034.8130736,62,11,10.786
1756456035.1972058,63,1,13986.149
1756456035.1972058,63,2,257.893
1756456035.1972058,63,4,9951.559
1756456035.1972058,63,8,35.950
1756456035.1972058,63,9,11814.839
1756456035.1972058,63,11,11.346
1756456035.577031,64,1,15384.253
1756456035.577031,64,2,252.321
1756456035.577031,64,4,10503.643
1756456035.577031,64,8,36.405
1756456035.577031,64,9,14066.163
1756456035.577031,64,11,12.057
1756456035.9469411,65,1,17142.043
1756456035.9469411,65,2,242.058
1756456035.9469411,65,8,36.954
1756456035.9469411,65,9,17658.621
1756456035.9469411,65,11,12.699
1756456036.277242,66,1,19339.213
1756456036.277242,66,2,234.879
1756456036.277242,66,8,37.651
1756456036.277242,66,9,24055.180
1756456036.277242,66,11,13.993
1756456036.6704335,67,1,22365.828
1756456036.6704335,67,2,225.554
1756456036.6704335,67,8,38.152
1756456036.6704335,67,9,40181.902
1756456036.6704335,67,11,14.487
1756456037.0894372,68,1,26902.041
1756456037.0894372,68,2,219.905
1756456037.0894372,68,8,39.647
1756456037.0894372,68,9,147574.609
1756456037.0894372,68,11,13.807
1756456037.5146527,69,1,34258.891
1756456037.5146527,69,2,216.735
1756456037.5146527,69,8,41.097
1756456037.5146527,69,9,70271.898
1756456037.5146527,69,11,13.175
1756456037.9327717,70,1,57274.539
1756456037.9337716,70,2,212.233
1756456037.9337716,70,8,41.325
1756456037.9337716,70,9,27727.311
1756456037.9337716,70,11,12.977
1756456038.3197892,71,1,213268.109
1756456038.3197892,71,2,204.248
1756456038.3197892,71,8,41.700
1756456038.3197892,71,9,16334.447
1756456038.3197892,71,11,12.478
1756456038.6598077,72,1,116739.922
1756456038.6598077,72,2,195.104
1756456038.6598077,72,8,41.888
1756456038.6598077,72,9,11617.418
1756456038.6598077,72,11,11.920
1756456039.071713,73,1,42942.812
1756456039.071713,73,2,189.804
1756456039.0727127,73,8,43.206
1756456039.0727127,73,9,8842.574
1756456039.0727127,73,11,12.404
1756456039.4794114,74,1,24343.244
1756456039.4794114,74,2,185.693
1756456039.4794114,74,8,42.988
1756456039.4794114,74,9,7121.631
1756456039.4794114,74,11,11.804
1756456039.8427908,75,1,15710.180
1756456039.8427908,75,2,184.358
1756456039.8427908,75,8,42.552
1756456039.8427908,75,9,5730.962
1756456039.8427908,75,11,11.870
1756456040.169947,76,1,10969.034
1756456040.169947,76,2,180.814
1756456040.169947,76,8,43.239
1756456040.169947,76,9,4824.114
1756456040.169947,76,11,10.901
1756456040.4972692,77,1,7959.093
1756456040.4972692,77,2,177.122
1756456040.4972692,77,8,44.715
1756456040.4972692,77,9,4104.626
1756456040.4972692,77,11,10.635
1756456040.8269627,78,1,6039.657
1756456040.8269627,78,2,174.019
1756456040.8269627,78,8,45.110
1756456040.8269627,78,9,3604.571
1756456040.8269627,78,11,10.395
1756456041.1768553,79,1,4662.807
1756456041.1768553,79,2,169.419
1756456041.1768553,79,8,46.380
1756456041.1768553,79,9,3147.525
1756456041.1768553,79,11,10.782
1756456041.5570512,80,1,3275.081
1756456041.5570512,80,2,164.217
1756456041.5570512,80,8,46.522
1756456041.5570512,80,9,2828.435
1756456041.5570512,80,11,10.037
1756456041.9377167,81,1,2392.992
1756456041.9377167,81,2,158.163
1756456041.9377167,81,8,46.206
1756456041.9377167,81,9,2545.989
1756456041.9377167,81,11,10.288
1756456042.356412,82,1,1637.943
1756456042.356412,82,2,154.597
1756456042.356412,82,8,45.507
1756456042.356412,82,9,2282.921
1756456042.356412,82,11,10.927
1756456042.711611,83,1,1181.683
1756456042.711611,83,2,153.493
1756456042.711611,83,8,45.272
1756456042.711611,83,9,2080.697
1756456042.711611,83,11,11.644
1756456043.0642438,84,2,149.810
1756456043.0642438,84,8,45.702
1756456043.0642438,84,9,1909.212
1756456043.0642438,84,11,12.988
1756456043.4528952,85,2,144.194
1756456043.4528952,85,8,46.343
1756456043.4528952,85,9,1737.517
1756456043.4528952,85,11,14.723
1756456043.82357,86,2,141.946
1756456043.82357,86,8,45.920
1756456043.82357,86,9,1615.532
1756456043.82357,86,11,16.199
1756456044.2056751,87,2,138.237
1756456044.2056751,87,8,45.406
1756456044.2056751,87,9,1502.310
1756456044.2056751,87,11,16.209
1756456044.2056751,87,1,766.070
1756456044.559094,88,2,134.495
1756456044.559094,88,8,44.846
1756456044.559094,88,9,1389.061
1756456044.559094,88,11,15.811
1756456044.559094,88,1,354.981
1756456044.921292,89,2,133.015
1756456044.921292,89,8,45.853
1756456044.921292,89,9,1290.402
1756456044.921292,89,11,15.201
1756456044.921292,89,12,18.979
1756456044.921292,89,1,168.553
1756456045.2919881,90,2,131.381
1756456045.2919881,90,8,46.673
1756456045.2919881,90,9,1204.634
1756456045.2919881,90,11,14.647
1756456045.2919881,90,12,18.546
1756456045.2919881,90,1,83.910
1756456045.6555908,91,2,130.319
1756456045.6658113,91,8,47.232
1756456045.6658113,91,9,1116.696
1756456045.6658113,91,11,14.111
1756456045.6658113,91,12,17.930
1756456045.6658113,91,1,98.841
1756456046.0331678,92,2,127.887
1756456046.0331678,92,8,46.812
1756456046.0331678,92,9,1045.789
1756456046.0331678,92,11,14.770
1756456046.0331678,92,12,17.477
1756456046.0331678,92,1,109.091
1756456046.398098,93,2,124.397
1756456046.398098,93,8,46.909
1756456046.398098,93,9,990.408
1756456046.398098,93,11,15.458
1756456046.398098,93,12,17.779
1756456046.398098,93,1,90.871
1756456046.744728,94,2,119.845
1756456046.744728,94,8,48.492
1756456046.744728,94,9,932.805
1756456046.744728,94,11,15.528
1756456046.744728,94,12,18.323
1756456046.744728,94,1,112.502
1756456047.0944676,95,2,118.747
1756456047.0944676,95,8,50.075
1756456047.0944676,95,9,875.678
1756456047.0944676,95,11,15.713
1756456047.0944676,95,12,18.805
1756456047.513774,96,2,117.076
1756456047.513774,96,8,50.581
1756456047.514767,96,9,829.844
1756456047.514767,96,11,16.108
1756456047.514767,96,12,18.285
1756456047.9226317,97,2,115.202
1756456047.9226317,97,8,49.777
1756456047.9226317,97,9,787.117
1756456047.9226317,97,11,15.645
1756456047.9226317,97,12,17.397
1756456048.2772675,98,2,111.263
1756456048.2772675,98,8,50.950
1756456048.2772675,98,9,744.095
1756456048.2772675,98,11,16.664
1756456048.2772675,98,12,18.208
1756456048.654454,99,2,109.118
1756456048.654454,99,8,51.407
1756456048.654454,99,9,704.281
1756456048.654454,99,11,16.178
1756456048.654454,99,12,18.153
1756456049.0768855,100,2,106.673
1756456049.0768855,100,8,51.783
1756456049.0768855,100,9,666.839
1756456049.0768855,100,11,16.859
1756456049.0768855,100,12,18.781
1756456049.4393437,101,2,104.115
1756456049.4393437,101,8,51.131
1756456049.4393437,101,9,645.846
1756456049.4393437,101,11,17.264
1756456049.4393437,101,12,19.118
1756456049.8687441,102,2,101.711
1756456049.869738,102,8,52.337
1756456049.869738,102,9,616.011
1756456049.869738,102,11,16.800
1756456049.869738,102,12,19.785
1756456050.3405256,103,2,99.413
1756456050.3405256,103,8,53.166
1756456050.3405256,103,9,586.864
1756456050.3405256,103,11,16.063
1756456050.3405256,103,12,19.312
1756456050.773514,104,2,95.672
1756456050.773514,104,8,54.982
1756456050.773514,104,9,554.225
1756456050.773514,104,11,16.014
1756456050.773514,104,12,19.239
1756456051.2305865,105,2,96.718
1756456051.2305865,105,8,56.174
1756456051.2305865,105,9,531.629
1756456051.2305865,105,11,14.937
1756456051.2305865,105,12,19.149
1756456051.6161356,106,2,95.585
1756456051.6161356,106,8,59.113
1756456051.6161356,106,9,514.243
1756456051.6161356,106,11,14.642
1756456051.6161356,106,12,19.185
1756456051.9481666,107,2,94.021
1756456051.9481666,107,8,59.547
1756456051.9481666,107,9,495.478
1756456051.9481666,107,11,14.030
1756456051.9481666,107,12,18.788
1756456052.3491158,108,2,91.674
1756456052.3491158,108,8,61.204
1756456052.3491158,108,9,474.716
1756456052.3491158,108,11,13.272
1756456052.3491158,108,12,18.075
1756456052.6668797,109,2,90.618
1756456052.6668797,109,8,62.767
1756456052.6668797,109,9,455.840
1756456052.6668797,109,11,14.851
1756456052.6668797,109,12,18.278
1756456053.076269,110,2,88.166
1756456053.076269,110,8,63.014
1756456053.076269,110,9,432.789
1756456053.076269,110,11,13.458
1756456053.076269,110,12,18.216
1756456053.467137,111,2,87.000
1756456053.467137,111,8,62.841
1756456053.467137,111,9,416.657
1756456053.467137,111,11,12.830
1756456053.467137,111,12,17.960
1756456053.8428843,112,2,84.336
1756456053.8428843,112,8,65.255
1756456053.8428843,112,9,403.783
1756456053.8428843,112,11,13.454
1756456053.8428843,112,12,18.840
1756456054.2283568,113,2,83.389
1756456054.2283568,113,8,64.821
1756456054.2283568,113,9,392.499
1756456054.2283568,113,11,14.675
1756456054.2283568,113,12,19.531
1756456054.5666711,114,2,81.535
1756456054.5666711,114,8,64.923
1756456054.5666711,114,9,375.576
1756456054.5666711,114,11,14.111
1756456054.5666711,114,12,20.352
1756456054.8973274,115,2,80.145
1756456054.8973274,115,8,66.252
1756456054.8973274,115,9,359.701
1756456054.8973274,115,11,15.104
1756456055.322642,116,2,78.253
1756456055.322642,116,8,67.212
1756456055.322642,116,9,345.879
1756456055.322642,116,11,15.085
1756456055.7677586,117,2,76.177
1756456055.7677586,117,8,67.974
1756456055.7677586,117,9,335.882
1756456055.7677586,117,11,16.982
1756456056.111013,118,2,75.222
1756456056.111013,118,8,68.420
1756456056.111013,118,9,325.238
1756456056.111013,118,11,17.784
1756456056.5211053,119,2,74.536
1756456056.5211053,119,8,68.198
1756456056.5211053,119,9,314.220
1756456056.5211053,119,11,17.779
1756456056.8494382,120,2,73.967
1756456056.8494382,120,8,69.447
1756456056.8494382,120,9,302.650
1756456056.8494382,120,11,18.248
1756456056.8494382,120,12,27.334
1756456057.274924,121,2,71.940
1756456057.274924,121,8,71.576
1756456057.274924,121,9,291.317
1756456057.274924,121,11,18.638
1756456057.274924,121,12,27.653
1756456057.6751025,122,2,71.009
1756456057.6751025,122,8,71.864
1756456057.6751025,122,9,284.797
1756456057.6751025,122,11,18.166
1756456057.676099,122,12,27.554
1756456058.0099995,123,2,69.658
1756456058.0099995,123,8,74.087
1756456058.0099995,123,9,275.005
1756456058.0099995,123,11,18.604
1756456058.0099995,123,12,27.165
1756456058.3753972,124,2,68.223
1756456058.3753972,124,8,74.308
1756456058.3753972,124,9,267.729
1756456058.3753972,124,11,18.296
1756456058.3753972,124,12,27.387
1756456058.7213154,125,2,67.823
1756456058.7213154,125,8,75.658
1756456058.7213154,125,9,260.368
1756456058.7213154,125,11,18.423
1756456058.7213154,125,12,27.788
1756456059.0692415,126,2,67.139
1756456059.0692415,126,8,76.844
1756456059.0692415,126,9,252.444
1756456059.0692415,126,11,19.177
1756456059.0692415,126,12,28.407
1756456059.4582264,127,2,66.144
1756456059.4582264,127,8,76.392
1756456059.4582264,127,9,245.053
1756456059.4582264,127,11,19.505
1756456059.4582264,127,12,28.024
1756456059.8618484,128,2,66.485
1756456059.8618484,128,8,77.509
1756456059.8618484,128,9,240.739
1756456059.8618484,128,11,19.570
1756456059.8618484,128,12,28.720
1756456060.2076492,129,2,63.713
1756456060.2076492,129,8,78.173
1756456060.2076492,129,9,233.539
1756456060.2076492,129,11,19.601
1756456060.2076492,129,12,28.446
1756456060.5458326,130,2,62.572
1756456060.5458326,130,8,78.763
1756456060.5458326,130,9,225.988
1756456060.5458326,130,11,19.109
1756456060.5458326,130,12,28.087
1756456060.9169397,131,2,62.236
1756456060.9169397,131,8,82.246
1756456060.9169397,131,9,216.424
1756456060.9169397,131,11,18.962
1756456060.9169397,131,12,27.332
1756456061.313504,132,2,61.164
1756456061.313504,132,8,84.131
1756456061.313504,132,9,210.113
1756456061.313504,132,11,18.724
1756456061.313504,132,12,26.853
1756456061.697407,133,2,60.905
1756456061.697407,133,8,84.197
1756456061.697407,133,9,206.223
1756456061.697407,133,11,15.938
1756456061.697407,133,12,26.494
1756456062.0603752,134,2,59.719
1756456062.0603752,134,8,85.222
1756456062.0603752,134,9,203.449
1756456062.0603752,134,11,16.525
1756456062.0603752,134,12,26.433
1756456062.4284725,135,2,58.685
1756456062.4284725,135,8,88.851
1756456062.4284725,135,9,198.022
1756456062.4284725,135,11,18.011
1756456062.4284725,135,12,26.550
1756456062.77521,136,2,58.756
1756456062.77521,136,8,88.853
1756456062.77521,136,9,194.539
1756456062.7762017,136,11,18.309
1756456062.7762017,136,12,27.963
1756456063.1423151,137,2,56.962
1756456063.1423151,137,8,92.790
1756456063.1423151,137,9,187.147
1756456063.1423151,137,11,18.067
1756456063.1423151,137,12,29.428
1756456063.526164,138,2,55.371
1756456063.526164,138,8,94.558
1756456063.526164,138,9,183.576
1756456063.526164,138,11,18.637
1756456063.526164,138,12,28.691
1756456063.8962805,139,2,54.115
1756456063.8962805,139,8,96.156
1756456063.8962805,139,9,180.966
1756456063.8962805,139,11,17.673
1756456063.8962805,139,12,28.859
1756456064.2851448,140,2,54.191
1756456064.2851448,140,8,97.359
1756456064.2851448,140,9,175.360
1756456064.2851448,140,11,17.102
1756456064.2851448,140,12,29.401
1756456064.6363971,141,2,54.098
1756456064.6363971,141,8,98.975
1756456064.6373951,141,9,168.419
1756456064.6373951,141,11,14.431
1756456064.6373951,141,12,28.520
1756456065.005722,142,2,54.205
1756456065.005722,142,8,100.388
1756456065.005722,142,9,165.279
1756456065.005722,142,11,14.196
1756456065.005722,142,12,28.484
1756456065.434864,143,2,53.689
1756456065.434864,143,8,102.183
1756456065.434864,143,9,161.284
1756456065.434864,143,11,16.266
1756456065.434864,143,12,28.392
1756456065.866767,144,2,52.000
1756456065.866767,144,8,105.952
1756456065.866767,144,9,159.397
1756456065.866767,144,11,17.806
1756456065.866767,144,12,22.403
1756456066.2360792,145,2,51.419
1756456066.2360792,145,8,107.131
1756456066.2360792,145,9,158.451
1756456066.2360792,145,11,19.269
1756456066.2360792,145,12,22.725
1756456066.623764,146,2,51.947
1756456066.623764,146,8,111.448
1756456066.623764,146,9,154.095
1756456066.623764,146,11,19.977
1756456066.623764,146,12,23.511
1756456066.936499,147,2,51.073
1756456066.936499,147,8,114.343
1756456066.936499,147,9,147.289
1756456066.936499,147,11,20.823
1756456066.936499,147,12,23.920
1756456067.3490357,148,2,50.002
1756456067.3490357,148,8,117.091
1756456067.3490357,148,9,142.948
1756456067.3490357,148,11,21.024
1756456067.3490357,148,12,23.739
1756456067.6777542,149,2,48.949
1756456067.6777542,149,8,117.973
1756456067.6777542,149,9,138.954
1756456067.6777542,149,11,20.510
1756456067.6777542,149,12,24.265
1756456067.9858313,150,2,48.221
1756456067.9858313,150,8,118.495
1756456067.9858313,150,9,137.215
1756456067.9858313,150,11,19.577
1756456067.9858313,150,12,25.050
1756456068.3549914,151,2,46.935
1756456068.3549914,151,8,121.089
1756456068.3549914,151,9,135.823
1756456068.3549914,151,11,19.229
1756456068.3549914,151,12,25.043
1756456068.7026718,152,2,46.815
1756456068.7026718,152,8,123.784
1756456068.7026718,152,9,132.516
1756456068.7026718,152,11,19.406
1756456068.7026718,152,12,24.964
1756456069.1196964,153,2,47.412
1756456069.1196964,153,8,128.348
1756456069.1196964,153,9,129.972
1756456069.1196964,153,11,19.454
1756456069.1196964,153,12,25.049
1756456069.4822905,154,2,46.444
1756456069.4822905,154,8,130.092
1756456069.4822905,154,9,127.438
1756456069.4822905,154,11,19.985
1756456069.4822905,154,12,26.710
1756456069.8833244,155,2,45.113
1756456069.8833244,155,8,131.559
1756456069.8833244,155,9,125.582
1756456069.8843243,155,11,21.088
1756456069.8843243,155,12,27.632
1756456070.233438,156,2,44.318
1756456070.233438,156,8,130.832
1756456070.233438,156,9,123.320
1756456070.233438,156,11,21.622
1756456070.233438,156,12,27.656
1756456070.6043937,157,2,43.973
1756456070.6043937,157,8,134.429
1756456070.6043937,157,9,119.386
1756456070.6043937,157,11,23.028
1756456070.6043937,157,12,27.801
1756456070.9357927,158,2,44.083
1756456070.9357927,158,8,141.138
1756456070.9357927,158,9,115.442
1756456070.9357927,158,11,22.641
1756456070.9357927,158,12,28.916
1756456071.315497,159,2,43.072
1756456071.315497,159,8,140.758
1756456071.315497,159,9,112.690
1756456071.315497,159,11,22.003
1756456071.315497,159,12,29.472
1756456071.7298586,160,2,42.685
1756456071.7298586,160,8,146.774
1756456071.7298586,160,9,109.676
1756456071.7298586,160,11,22.348
1756456071.7298586,160,12,29.284
1756456072.0986445,161,2,43.163
1756456072.0986445,161,8,147.574
1756456072.0986445,161,9,109.961
1756456072.0986445,161,11,22.480
1756456072.0986445,161,12,28.987
1756456072.471638,162,2,43.911
1756456072.471638,162,8,149.655
1756456072.471638,162,9,107.739
1756456072.471638,162,11,22.511
1756456072.471638,162,12,29.213
1756456072.8389387,163,2,43.393
1756456072.8399386,163,8,150.774
1756456072.8399386,163,9,106.498
1756456072.8399386,163,11,22.627
1756456072.8399386,163,12,29.593
1756456073.2179375,164,2,42.396
1756456073.2179375,164,8,154.094
1756456073.2179375,164,9,105.552
1756456073.2179375,164,11,23.169
1756456073.2179375,164,12,29.251
1756456073.6453955,165,2,41.822
1756456073.6453955,165,8,158.286
1756456073.6453955,165,9,102.959
1756456073.6453955,165,11,23.343
1756456073.6453955,165,12,29.264
1756456074.0888453,166,2,41.360
1756456074.0888453,166,8,162.401
1756456074.0888453,166,9,100.193
1756456074.0888453,166,11,22.965
1756456074.0888453,166,12,29.118
1756456074.472201,167,2,40.197
1756456074.472201,167,8,167.232
1756456074.472201,167,9,97.944
1756456074.472201,167,11,21.877
1756456074.472201,167,12,28.831
1756456074.8360853,168,2,39.543
1756456074.8370848,168,8,170.995
1756456074.8370848,168,9,96.203
1756456074.8370848,168,11,20.778
1756456074.8370848,168,12,28.911
1756456075.264381,169,2,38.660
1756456075.264381,169,8,174.708
1756456075.264381,169,9,94.006
1756456075.264381,169,11,20.566
1756456075.264381,169,12,29.690
1756456075.5774727,170,2,38.384
1756456075.5774727,170,8,179.520
1756456075.5774727,170,9,92.010
1756456075.5774727,170,11,20.914
1756456075.5774727,170,12,29.670
1756456075.9618073,171,2,37.856
1756456075.9618073,171,8,184.211
1756456075.9618073,171,9,92.769
1756456075.9618073,171,11,20.785
1756456075.9618073,171,12,30.203
1756456076.3261144,172,2,37.817
1756456076.3261144,172,8,189.329
1756456076.3261144,172,9,91.621
1756456076.3261144,172,11,20.359
1756456076.3261144,172,12,30.272
1756456076.7189188,173,2,36.758
1756456076.7189188,173,8,197.029
1756456076.7189188,173,9,89.500
1756456076.7189188,173,11,21.258
1756456076.7189188,173,12,30.428
1756456077.1051466,174,2,37.225
1756456077.1051466,174,8,201.384
1756456077.1051466,174,9,88.904
1756456077.1051466,174,11,22.179
1756456077.1051466,174,12,30.178
1756456077.5125587,175,2,38.248
1756456077.5125587,175,8,207.326
1756456077.5125587,175,9,85.089
1756456077.5125587,175,11,24.066
1756456077.5125587,175,12,31.498
1756456077.8901632,176,2,38.574
1756456077.8901632,176,8,210.706
1756456077.8901632,176,9,82.408
1756456077.8901632,176,11,26.293
1756456077.8901632,176,12,32.086
1756456078.2488797,177,2,38.093
1756456078.2488797,177,8,213.169
1756456078.2488797,177,9,81.756
1756456078.2488797,177,11,26.628
1756456078.2488797,177,12,32.727
1756456078.6555054,178,2,38.049
1756456078.6555054,178,8,219.950
1756456078.6555054,178,9,80.100
1756456078.6555054,178,11,26.659
1756456078.6555054,178,12,31.698
1756456078.9842572,179,2,38.478
1756456078.9842572,179,8,224.936
1756456078.9842572,179,9,77.936
1756456078.9842572,179,11,25.948
1756456078.9842572,179,12,31.009
1756456079.3959296,180,2,37.739
1756456079.3959296,180,8,234.593
1756456079.3959296,180,9,76.155
1756456079.3959296,180,11,26.685
1756456079.3959296,180,12,31.696
1756456079.7328045,181,2,36.550
1756456079.7328045,181,8,241.724
1756456079.7328045,181,9,75.438
1756456079.7328045,181,11,27.020
1756456079.7328045,181,12,32.874
1756456080.0774016,182,2,35.421
1756456080.0774016,182,8,248.272
1756456080.0774016,182,9,73.882
1756456080.0774016,182,11,27.268
1756456080.0774016,182,12,32.740
1756456080.3878572,183,2,34.324
1756456080.3878572,183,8,258.007
1756456080.3878572,183,9,70.951
1756456080.3878572,183,11,26.503
1756456080.3878572,183,12,33.297
1756456080.7683303,184,2,34.256
1756456080.7683303,184,8,259.096
1756456080.7683303,184,9,70.924
1756456080.7683303,184,11,25.105
1756456080.7683303,184,12,33.294
1756456081.1275122,185,2,33.754
1756456081.1275122,185,8,266.838
1756456081.1275122,185,9,69.094
1756456081.1275122,185,11,23.851
1756456081.1275122,185,12,33.451
1756456081.4832172,186,2,33.440
1756456081.4832172,186,8,278.372
1756456081.4832172,186,9,69.174
1756456081.4832172,186,11,23.554
1756456081.4832172,186,12,33.336
1756456081.859203,187,2,33.745
1756456081.859203,187,8,291.013
1756456081.8605342,187,9,69.003
1756456081.8605342,187,11,24.115
1756456081.8605342,187,12,33.070
1756456082.2287416,188,2,33.157
1756456082.2287416,188,8,300.189
1756456082.2287416,188,9,67.001
1756456082.2287416,188,11,24.600
1756456082.2287416,188,12,33.657
1756456082.582988,189,2,32.667
1756456082.582988,189,8,308.841
1756456082.582988,189,9,66.612
1756456082.582988,189,11,25.315
1756456082.582988,189,12,35.396
1756456082.9083507,190,2,33.088
1756456082.9083507,190,8,317.434
1756456082.9083507,190,9,65.612
1756456082.9083507,190,11,25.267
1756456082.9083507,190,12,37.342
1756456083.2459984,191,2,33.326
1756456083.2459984,191,8,325.853
1756456083.2459984,191,9,66.131
1756456083.2459984,191,11,24.434
1756456083.2459984,191,12,38.366
1756456083.6839268,192,2,32.671
1756456083.6839268,192,8,330.503
1756456083.6839268,192,9,65.514
1756456083.6839268,192,11,24.759
1756456083.6839268,192,12,38.303
1756456084.1077487,193,2,32.471
1756456084.1077487,193,8,340.492
1756456084.1087477,193,9,64.975
1756456084.1087477,193,11,24.115
1756456084.1087477,193,12,39.071
1756456084.433137,194,2,31.544
1756456084.433137,194,8,350.222
1756456084.433137,194,9,65.357
1756456084.433137,194,11,22.114
1756456084.433137,194,12,39.121
1756456084.802429,195,2,31.955
1756456084.802429,195,8,361.865
1756456084.802429,195,9,63.730
1756456084.802429,195,11,21.435
1756456084.802429,195,12,38.851
1756456085.1990068,196,2,31.815
1756456085.1990068,196,8,380.411
1756456085.1990068,196,9,61.765
1756456085.1990068,196,11,21.708
1756456085.1990068,196,12,38.505
1756456085.5607917,197,2,32.160
1756456085.5627978,197,8,395.777
1756456085.5627978,197,9,61.415
1756456085.5627978,197,11,21.520
1756456085.5627978,197,12,38.702
1756456085.9367821,198,2,30.794
1756456085.9367821,198,8,414.687
1756456085.9367821,198,9,59.526
1756456085.9367821,198,11,21.522
1756456085.9367821,198,12,38.259
1756456086.2959552,199,2,30.049
1756456086.2959552,199,8,427.785
1756456086.2959552,199,9,59.227
1756456086.297119,199,11,20.205
1756456086.297119,199,12,36.013
1756456086.6727204,200,2,29.050
1756456086.6727204,200,8,441.225
1756456086.6727204,200,9,59.172
1756456086.6727204,200,11,18.447
1756456086.6727204,200,12,35.095
1756456087.0555623,201,2,28.045
1756456087.0555623,201,8,458.234
1756456087.0555623,201,9,58.363
1756456087.0555623,201,11,18.829
1756456087.0555623,201,12,35.846
1756456087.3749497,202,2,27.731
1756456087.3749497,202,8,480.894
1756456087.3749497,202,9,57.930
1756456087.3749497,202,11,19.225
1756456087.3749497,202,12,35.638
1756456087.813349,203,2,26.830
1756456087.813349,203,8,502.859
1756456087.813349,203,9,57.791
1756456087.813349,203,11,20.929
1756456087.813349,203,12,37.975
1756456088.167614,204,2,26.280
1756456088.167614,204,8,521.375
1756456088.167614,204,9,57.385
1756456088.167614,204,11,21.992
1756456088.167614,204,12,40.143
1756456088.4991586,205,2,26.020
1756456088.4991586,205,8,539.445
1756456088.4991586,205,9,56.454
1756456088.4991586,205,11,21.393
1756456088.4991586,205,12,40.511
1756456088.8543873,206,2,26.627
1756456088.8543873,206,8,560.543
1756456088.8543873,206,9,55.061
1756456088.8543873,206,11,20.718
1756456088.8543873,206,12,41.237
1756456089.1766186,207,2,28.725
1756456089.1766186,207,8,584.911
1756456089.1766186,207,9,55.021
1756456089.1766186,207,11,22.079
1756456089.1766186,207,12,42.253
1756456089.528092,208,2,29.553
1756456089.528092,208,8,624.410
1756456089.528092,208,9,53.658
1756456089.528092,208,11,22.248
1756456089.528092,208,12,42.731
1756456089.916639,209,2,29.988
1756456089.916639,209,8,657.773
1756456089.916639,209,9,53.464
1756456089.916639,209,11,23.135
1756456089.916639,209,12,44.176
1756456090.2959003,210,2,28.780
1756456090.2959003,210,8,685.506
1756456090.2959003,210,9,51.851
1756456090.2959003,210,11,23.206
1756456090.2959003,210,12,44.639
1756456090.6663954,211,2,28.842
1756456090.6663954,211,8,715.950
1756456090.6673956,211,9,50.318
1756456090.6673956,211,11,23.241
1756456090.6673956,211,12,44.784
1756456091.0470037,212,2,29.527
1756456091.0470037,212,8,746.110
1756456091.0470037,212,9,50.361
1756456091.0470037,212,11,22.434
1756456091.0470037,212,12,44.680
1756456091.4845772,213,2,29.251
1756456091.4845772,213,8,800.889
1756456091.4845772,213,9,49.532
1756456091.4845772,213,11,23.520
1756456091.4845772,213,12,45.446
1756456091.928688,214,2,28.167
1756456091.928688,214,8,845.767
1756456091.928688,214,9,50.162
1756456091.928688,214,11,23.001
1756456091.928688,214,12,46.037
1756456092.2495377,215,2,27.229
1756456092.2495377,215,8,892.423
1756456092.2495377,215,9,48.781
1756456092.2495377,215,11,23.402
1756456092.2495377,215,12,46.397
1756456092.649566,216,2,27.532
1756456092.649566,216,8,952.325
1756456092.649566,216,9,48.718
1756456092.649566,216,11,23.991
1756456092.649566,216,12,48.665
1756456093.041509,217,2,26.975
1756456093.041509,217,8,1007.688
1756456093.041509,217,9,47.751
1756456093.041509,217,11,25.204
1756456093.041509,217,12,48.842
1756456093.4620893,218,2,26.567
1756456093.4620893,218,8,1078.403
1756456093.4620893,218,9,45.914
1756456093.4620893,218,11,26.369
1756456093.4620893,218,12,49.215
1756456093.8578641,219,2,25.157
1756456093.8578641,219,8,1141.013
1756456093.8578641,219,9,44.304
1756456093.8578641,219,11,27.455
1756456093.8578641,219,12,49.181
1756456094.2097137,220,2,26.764
1756456094.2097137,220,8,1203.980
1756456094.2097137,220,9,45.711
1756456094.2097137,220,11,28.031
1756456094.2097137,220,12,49.035
1756456094.6256049,221,2,26.916
1756456094.6256049,221,8,1290.485
1756456094.6256049,221,9,45.702
1756456094.6256049,221,11,28.449
1756456094.6256049,221,12,48.531
1756456094.995904,222,2,28.317
1756456094.995904,222,8,1375.276
1756456094.995904,222,9,45.412
1756456094.995904,222,11,28.980
1756456094.995904,222,12,48.066
1756456095.4066346,223,2,28.838
1756456095.4066346,223,8,1461.320
1756456095.4066346,223,9,45.033
1756456095.4066346,223,11,30.587
1756456095.4066346,223,12,49.790
1756456095.780007,224,2,30.405
1756456095.780007,224,8,1570.708
1756456095.780007,224,9,44.074
1756456095.780007,224,11,30.888
1756456095.780007,224,12,50.277
1756456096.1590788,225,2,31.792
1756456096.1590788,225,8,1731.118
1756456096.1590788,225,9,43.343
1756456096.1590788,225,11,34.290
1756456096.1590788,225,12,49.661
1756456096.5281417,226,2,31.948
1756456096.5281417,226,8,1881.403
1756456096.5281417,226,9,42.859
1756456096.5281417,226,11,34.551
1756456096.5281417,226,12,50.863
1756456096.9000785,227,2,31.563
1756456096.9000785,227,8,2078.842
1756456096.9000785,227,9,43.011
1756456096.9000785,227,11,32.374
1756456096.9000785,227,12,49.688
1756456097.2627547,228,2,31.053
1756456097.2627547,228,8,2271.827
1756456097.2627547,228,9,44.381
1756456097.2627547,228,11,29.928
1756456097.2627547,228,12,46.232
1756456097.5628388,229,2,30.349
1756456097.5628388,229,8,2486.948
1756456097.5628388,229,9,44.003
1756456097.5628388,229,11,28.238
1756456097.5628388,229,12,47.787
1756456097.9065819,230,2,29.817
1756456097.9065819,230,8,2759.178
1756456097.9065819,230,9,44.007
1756456097.9065819,230,11,28.590
1756456097.9065819,230,12,48.788
1756456098.273827,231,2,28.866
1756456098.273827,231,8,3083.545
1756456098.273827,231,9,42.314
1756456098.273827,231,11,26.936
1756456098.273827,231,12,47.093
1756456098.6639802,232,2,27.274
1756456098.6659825,232,8,3489.562
1756456098.6659825,232,9,41.168
1756456098.6659825,232,11,26.895
1756456098.6659825,232,12,53.075
1756456099.0186422,233,2,25.788
1756456099.0186422,233,8,3951.950
1756456099.0186422,233,9,39.955
1756456099.0186422,233,11,26.229
1756456099.0186422,233,12,56.178
1756456099.3873594,234,2,25.889
1756456099.3873594,234,8,4582.396
1756456099.3873594,234,9,38.996
1756456099.3873594,234,11,28.881
1756456099.3873594,234,12,57.004
1756456099.6959517,235,2,25.472
1756456099.6959517,235,8,5366.383
1756456099.6959517,235,9,38.602
1756456099.6959517,235,11,30.711
1756456099.6959517,235,12,58.436
1756456100.0462587,236,2,25.122
1756456100.0462587,236,8,6390.100
1756456100.0462587,236,9,38.016
1756456100.0462587,236,11,32.662
1756456100.0462587,236,12,59.331
1756456100.4476671,237,2,24.016
1756456100.4476671,237,8,7890.188
1756456100.4476671,237,9,36.639
1756456100.4476671,237,11,30.942
1756456100.4476671,237,12,59.807
1756456100.8219595,238,2,23.761
1756456100.8219595,238,8,10283.941
1756456100.8219595,238,9,34.808
1756456100.8219595,238,11,35.460
1756456100.8219595,238,12,58.834
1756456101.140008,239,2,24.673
1756456101.140008,239,8,13779.398
1756456101.140008,239,9,34.584
1756456101.140008,239,11,38.962
1756456101.140008,239,12,57.647
1756456101.574666,240,2,25.376
1756456101.574666,240,8,20452.922
1756456101.574666,240,9,33.625
1756456101.574666,240,11,41.774
1756456101.574666,240,12,54.890
1756456102.0138729,241,2,25.618
1756456102.0138729,241,8,38533.910
1756456102.0138729,241,9,33.613
1756456102.0138729,241,11,43.137
1756456102.0138729,241,12,54.198
1756456102.4386954,242,2,26.946
1756456102.4386954,242,8,194809.375
1756456102.4386954,242,9,34.586
1756456102.4386954,242,11,59.095
1756456102.4386954,242,12,55.646
1756456102.801194,243,2,27.104
1756456102.801194,243,8,77544.266
1756456102.801194,243,9,34.792
1756456102.801194,243,11,51.084
1756456102.801194,243,12,55.877
1756456103.1801703,244,2,25.498
1756456103.1801703,244,8,32804.977
1756456103.1801703,244,9,33.730
1756456103.1801703,244,11,65.963
1756456103.1801703,244,12,55.617
1756456103.5769367,245,2,24.975
1756456103.5769367,245,8,21801.916
1756456103.5769367,245,9,32.801
1756456103.5769367,245,11,58.108
1756456103.5769367,245,12,59.653
1756456103.95527,246,2,23.111
1756456103.95527,246,8,16691.225
1756456103.95527,246,9,32.664
1756456103.95527,246,11,77.546
1756456103.95527,246,12,62.444
1756456104.332721,247,2,22.327
1756456104.332721,247,8,14055.075
1756456104.332721,247,9,32.937
1756456104.332721,247,11,81.781
1756456104.332721,247,12,62.572
1756456104.6792617,248,2,20.174
1756456104.6792617,248,8,12161.417
1756456104.6792617,248,9,33.121
1756456104.6792617,248,11,84.008
1756456104.6792617,248,12,63.613
1756456105.0633152,249,2,18.206
1756456105.0633152,249,8,10847.665
1756456105.0643141,249,9,33.456
1756456105.0643141,249,11,54.268
1756456105.0643141,249,12,63.833
1756456105.4221764,250,2,17.470
1756456105.4221764,250,8,10007.520
1756456105.4221764,250,9,33.589
1756456105.4221764,250,11,70.076
1756456105.4221764,250,12,62.500
1756456105.8078213,251,2,18.162
1756456105.8088214,251,8,9360.069
1756456105.8088214,251,9,32.908
1756456105.8088214,251,11,76.426
1756456105.8088214,251,12,61.544
1756456106.117219,252,2,18.477
1756456106.117219,252,8,9009.796
1756456106.117219,252,9,30.677
1756456106.117219,252,11,91.936
1756456106.4837089,253,2,19.163
1756456106.4837089,253,8,8996.459
1756456106.4837089,253,9,30.108
1756456106.4837089,253,11,94.389
1756456106.4837089,253,12,68.429
1756456106.8558373,254,2,20.101
1756456106.8568373,254,8,9244.004
1756456106.8568373,254,9,29.730
1756456106.8568373,254,11,100.759
1756456107.2273436,255,2,20.993
1756456107.2273436,255,8,9570.056
1756456107.2273436,255,9,31.720
1756456107.2273436,255,11,107.120
1756456107.6199925,256,2,21.138
1756456107.6199925,256,8,10036.800
1756456107.6199925,256,9,31.977
1756456107.6199925,256,11,109.086
1756456107.9806833,257,2,20.965
1756456107.9806833,257,8,10580.267
1756456107.9806833,257,9,31.355
1756456107.9806833,257,11,115.555
1756456108.334474,258,2,20.546
1756456108.334474,258,8,11273.971
1756456108.334474,258,9,30.875
1756456108.334474,258,11,120.267
1756456108.6871548,259,2,20.822
1756456108.6871548,259,9,31.241
1756456108.6871548,259,11,112.751
1756456109.0559359,260,2,20.665
1756456109.0559359,260,9,32.170
1756456109.0559359,260,11,103.687
1756456109.0559359,260,12,95.816
1756456109.447574,261,2,20.572
1756456109.447574,261,9,33.656
1756456109.447574,261,11,78.703
1756456109.447574,261,12,97.048
1756456109.9035769,262,2,20.149
1756456109.9035769,262,9,33.805
1756456109.9035769,262,11,53.758
1756456109.9035769,262,12,100.368
1756456110.3275044,263,2,20.023
1756456110.3275044,263,9,32.586
1756456110.3275044,263,11,43.567
1756456110.3275044,263,12,98.063
1756456110.6860666,264,2,19.990
1756456110.6860666,264,9,31.406
1756456110.6860666,264,11,37.179
1756456110.6860666,264,12,96.680
1756456111.0911438,265,2,20.300
1756456111.0911438,265,9,30.168
1756456111.0911438,265,11,35.750
1756456111.0911438,265,12,99.261
1756456111.5316956,266,2,18.689
1756456111.5316956,266,9,29.345
1756456111.5316956,266,11,19.804
1756456111.5316956,266,12,99.238
1756456111.8973303,267,2,18.460
1756456111.8973303,267,9,30.475
1756456111.8973303,267,11,28.094
1756456111.8973303,267,12,102.335
1756456112.1974902,268,2,17.725
1756456112.1974902,268,9,29.728
1756456112.1974902,268,11,15.521
1756456112.1974902,268,12,104.076
1756456112.5118845,269,2,17.818
1756456112.5118845,269,9,29.793
1756456112.5118845,269,11,26.361
1756456112.5118845,269,12,105.906
1756456112.897079,270,2,18.076
1756456112.9053779,270,9,29.236
1756456112.9053779,270,11,6.287
1756456112.9053779,270,12,107.940
1756456113.297666,271,2,16.970
1756456113.297666,271,9,28.583
1756456113.297666,271,11,1.175
1756456113.297666,271,12,113.410
1756456113.6287708,272,2,17.136
1756456113.6287708,272,9,28.722
1756456113.6287708,272,11,2.520
1756456113.6287708,272,12,116.099
1756456113.9796388,273,2,17.195
1756456113.9796388,273,9,27.877
1756456113.9796388,273,11,25.826
1756456113.9796388,273,12,118.211
1756456114.3424163,274,9,26.780
1756456114.3424163,274,11,71.830
1756456114.3424163,274,12,119.889
1756456114.7196562,275,9,27.060
1756456114.7196562,275,11,109.022
1756456114.7196562,275,12,121.646
1756456115.0560188,276,9,26.888
1756456115.0570166,276,11,36.972
1756456115.0570166,276,12,124.271
1756456115.426195,277,9,28.770
1756456115.426195,277,11,15.853
1756456115.426195,277,12,126.163
1756456115.7997048,278,9,29.214
1756456115.7997048,278,11,10.539
1756456115.7997048,278,12,128.494
1756456116.183542,279,9,27.472
1756456116.183542,279,11,10.639
1756456116.183542,279,12,130.665
1756456116.5915363,280,9,27.158
1756456116.5925357,280,11,10.218
1756456116.5925357,280,12,135.065
1756456117.0141084,281,9,29.023
1756456117.0141084,281,11,14.291
1756456117.0141084,281,12,139.464
1756456117.3756218,282,9,29.849
1756456117.3756218,282,11,19.280
1756456117.3756218,282,12,144.570
1756456117.8231401,283,9,29.604
1756456117.8231401,283,11,10.516
1756456117.8231401,283,12,141.864
1756456118.1867754,284,9,28.896
1756456118.1867754,284,11,1.029
1756456118.1867754,284,12,118.906
1756456118.5468013,285,9,27.203
1756456118.5468013,285,11,27.217
1756456118.5468013,285,12,121.701
1756456118.9311528,286,9,26.970
1756456118.9311528,286,11,48.579
1756456118.9311528,286,12,124.478
1756456119.2961392,287,9,26.824
1756456119.2961392,287,11,57.218
1756456119.2961392,287,12,125.348
1756456119.6549919,288,9,27.570
1756456119.6549919,288,11,60.371
1756456119.6549919,288,12,128.942
1756456120.105347,289,9,28.276
1756456120.106812,289,11,59.874
1756456120.106812,289,12,130.350
1756456120.5337508,290,11,59.430
1756456120.5337508,290,12,133.916
1756456120.9379187,291,11,59.943
1756456120.9379187,291,12,136.460
1756456121.2647667,292,11,57.089
1756456121.2647667,292,12,138.855
1756456121.2647667,292,9,27.767
1756456121.667624,293,11,53.195
1756456121.667624,293,12,141.920
1756456121.667624,293,9,26.067
1756456122.0789468,294,11,56.581
1756456122.0789468,294,12,145.139
1756456122.413212,295,11,62.441
1756456122.413212,295,12,145.576
1756456122.766055,296,11,66.129
1756456122.766055,296,12,146.345
1756456123.0722213,297,11,63.661
1756456123.0722213,297,12,145.911
1756456123.4423954,298,11,147.558
1756456123.4423954,298,12,151.677
1756456123.7837358,299,11,180.501
1756456123.7837358,299,12,160.352
1756456124.140974,300,11,95.980
1756456124.140974,300,12,159.646
1756456124.5319214,301,11,76.815
1756456124.5319214,301,12,162.159
1756456124.8743782,302,11,67.634
1756456124.8743782,302,12,167.133
1756456125.2336173,303,11,61.309
1756456125.2336173,303,12,172.172
1756456125.6210117,304,11,60.716
1756456125.6210117,304,12,176.605
1756456126.0269983,305,11,62.092
1756456126.0269983,305,12,181.501
1756456126.3670921,306,11,60.156
1756456126.3670921,306,12,184.574
1756456126.7670374,307,11,58.989
1756456126.7670374,307,12,190.107
1756456127.0916724,308,11,59.621
1756456127.0916724,308,12,189.361
1756456127.4681199,309,11,63.180
1756456127.4681199,309,12,192.715
1756456127.9060814,310,11,68.509
1756456127.9060814,310,12,199.253
1756456128.3273296,311,11,69.440
1756456128.3273296,311,12,204.002
1756456128.7102284,312,11,71.773
1756456128.7112284,312,12,207.066
1756456129.0823157,313,11,74.952
1756456129.0823157,313,12,209.013
1756456129.4591079,314,11,77.637
1756456129.4591079,314,12,215.371
1756456129.8770316,315,11,77.350
1756456129.8770316,315,12,222.325
1756456130.2264392,316,11,80.162
1756456130.2264392,316,12,230.288
1756456130.5805228,317,11,82.916
1756456130.5805228,317,12,237.851
1756456130.9479885,318,11,79.884
1756456130.9479885,318,12,240.414
1756456131.3375463,319,11,77.029
1756456131.3375463,319,12,249.330
1756456131.769953,320,11,77.560
1756456131.769953,320,12,260.951
1756456132.2561195,321,11,80.601
1756456132.2561195,321,12,270.944
1756456132.7184699,322,11,79.634
1756456132.7184699,322,12,276.989
1756456133.1694438,323,11,79.731
1756456133.1694438,323,12,280.647
1756456133.5934515,324,11,79.479
1756456133.5934515,324,12,293.234
1756456134.0574641,325,11,79.588
1756456134.0574641,325,12,302.684
1756456134.4539022,326,11,80.966
1756456134.4539022,326,12,311.351
1756456134.9007256,327,11,85.703
1756456134.9007256,327,12,319.502
1756456135.3168674,328,11,88.839
1756456135.3168674,328,12,331.714
1756456135.7744045,329,11,89.325
1756456135.7744045,329,12,342.136
1756456136.2174003,330,11,93.957
1756456136.2174003,330,12,352.063
1756456136.6671758,331,11,95.229
1756456136.6671758,331,12,360.981
1756456137.1111245,332,11,95.124
1756456137.1111245,332,12,377.570
1756456137.5713537,333,11,94.772
1756456137.5713537,333,12,390.393
1756456138.036161,334,11,92.472
1756456138.036161,334,12,397.620
1756456138.5019274,335,11,93.277
1756456138.5019274,335,12,410.547
1756456138.9441266,336,11,93.853
1756456138.9441266,336,12,429.893
1756456139.3982863,337,11,95.986
1756456139.3982863,337,12,449.008
1756456139.8427403,338,11,98.066
1756456139.8427403,338,12,460.885
1756456140.296943,339,11,100.600
1756456140.296943,339,12,480.572
1756456140.7330945,340,11,103.944
1756456140.7330945,340,12,501.249
1756456141.1891162,341,11,105.793
1756456141.1891162,341,12,514.170
1756456141.6415174,342,11,109.218
1756456141.6415174,342,12,539.119
1756456142.1044223,343,11,108.270
1756456142.1044223,343,12,562.131
1756456142.57174,344,11,108.424
1756456142.57174,344,12,585.860
1756456143.0291002,345,11,111.630
1756456143.0291002,345,12,619.259
1756456143.0291002,345,16,11.891
1756456143.4816797,346,11,118.509
1756456143.4816797,346,12,647.780
1756456143.9298005,347,11,124.212
1756456143.9298005,347,12,679.856
1756456144.4036548,348,11,127.310
1756456144.4036548,348,12,711.286
1756456144.8254426,349,11,130.270
1756456144.8254426,349,12,740.300
1756456145.1979828,350,11,133.238
1756456145.1979828,350,12,785.939
1756456145.6231925,351,11,134.769
1756456145.6231925,351,12,832.661
1756456146.0900526,352,11,133.741
1756456146.0900526,352,12,873.872
1756456146.5305185,353,11,134.320
1756456146.5305185,353,12,925.995
1756456146.9540687,354,11,140.037
1756456146.9550805,354,12,976.306
1756456147.3216877,355,11,144.043
1756456147.3216877,355,12,1039.984
1756456147.6641703,356,11,146.818
1756456147.6641703,356,12,1096.349
1756456148.0595543,357,11,149.379
1756456148.0595543,357,12,1167.303
1756456148.4493198,358,11,151.983
1756456148.4493198,358,12,1241.899
1756456148.7793837,359,11,153.485
1756456148.7793837,359,12,1333.787
1756456149.1109817,360,11,152.859
1756456149.1109817,360,12,1409.574
1756456149.5290334,361,11,152.188
1756456149.5290334,361,12,1524.945
1756456149.9108038,362,11,155.887
1756456149.911797,362,12,1646.959
1756456150.2765388,363,11,163.321
1756456150.2765388,363,12,1775.622
1756456150.6504128,364,11,165.488
1756456150.6504128,364,12,1911.896
1756456151.0151405,365,11,168.398
1756456151.0151405,365,12,2088.276
1756456151.3761346,366,11,170.858
1756456151.3761346,366,12,2289.912
1756456151.7437217,367,11,175.481
1756456151.7437217,367,12,2493.153
1756456152.1687963,368,11,179.010
1756456152.1687963,368,12,2755.048
1756456152.5750198,369,11,181.566
1756456152.5750198,369,12,3071.327
1756456152.9368274,370,11,185.358
1756456152.9368274,370,12,3450.662
1756456153.2576506,371,11,186.817
1756456153.2576506,371,12,3904.982
1756456153.6071558,372,11,188.823
1756456153.6071558,372,12,4504.773
1756456153.9961188,373,11,190.521
1756456153.9961188,373,12,5193.561
1756456154.4018698,374,11,192.072
1756456154.4018698,374,12,6043.216
1756456154.825475,375,11,193.762
1756456154.825475,375,12,7339.281
1756456155.1972525,376,11,203.672
1756456155.1972525,376,12,9128.899
1756456155.5878685,377,11,211.119
1756456155.5878685,377,12,11766.347
1756456156.0016506,378,11,212.393
1756456156.0016506,378,12,15720.388
1756456156.420072,379,11,212.940
1756456156.420072,379,12,25406.852
1756456156.854797,380,11,214.936
1756456156.854797,380,12,51894.387
1756456157.2135642,381,11,221.874
1756456157.2135642,381,12,1683312.875
1756456157.62321,382,11,229.168
1756456157.62321,382,12,64668.027
1756456158.046794,383,11,238.466
1756456158.046794,383,12,32345.936
1756456158.4513571,384,11,251.601
1756456158.4513571,384,12,22048.035
1756456158.7999656,385,11,256.767
1756456158.7999656,385,12,17048.615
1756456159.1688838,386,11,262.618
1756456159.1688838,386,12,14195.411
1756456159.5530796,387,11,263.878
1756456159.5530796,387,12,12521.165
1756456159.9038749,388,11,271.866
1756456159.9038749,388,12,11359.760
1756456160.2894921,389,11,279.320
1756456160.2894921,389,12,10557.242
1756456160.2894921,389,17,147.388
1756456160.609212,390,11,283.983
1756456160.609212,390,12,10037.240
1756456160.609212,390,17,146.152
1756456160.9375947,391,11,287.728
1756456160.9375947,391,12,9654.392
1756456160.9375947,391,17,141.978
1756456161.3081884,392,11,295.391
1756456161.3081884,392,12,9495.640
1756456161.3081884,392,17,139.741
1756456161.6697135,393,11,304.230
1756456161.6697135,393,12,9694.464
1756456161.6697135,393,17,138.499
1756456162.0259676,394,11,309.228
1756456162.0259676,394,12,10075.168
1756456162.0259676,394,17,135.689
1756456162.3853621,395,11,320.313
1756456162.3853621,395,12,10553.683
1756456162.3853621,395,17,132.850
1756456162.7937703,396,11,327.499
1756456162.7937703,396,12,11195.064
1756456162.7937703,396,17,130.775
1756456163.1707168,397,11,341.300
1756456163.1707168,397,12,11972.817
1756456163.1707168,397,19,33794.281
1756456163.1707168,397,17,129.166
1756456163.5624855,398,11,358.392
1756456163.5624855,398,12,12895.112
1756456163.5624855,398,19,29680.807
1756456163.5624855,398,17,127.592
1756456163.9235675,399,11,369.615
1756456163.9235675,399,12,14261.887
1756456163.9235675,399,19,26437.715
1756456163.9235675,399,17,127.373
1756456164.3604093,400,11,372.521
1756456164.3604093,400,12,16119.223
1756456164.3604093,400,19,23862.289
1756456164.3604093,400,17,126.082
1756456164.8165107,401,11,377.407
1756456164.8185153,401,19,21749.682
1756456164.8185153,401,17,125.117
1756456165.2084875,402,11,386.703
1756456165.2084875,402,19,19950.973
1756456165.2084875,402,17,125.087
1756456165.6123009,403,11,401.764
1756456165.6123009,403,19,18476.182
1756456165.6123009,403,17,128.754
1756456165.9864728,404,11,416.571
1756456165.9864728,404,19,17175.279
1756456165.9864728,404,17,128.759
1756456166.3051527,405,11,434.365
1756456166.3051527,405,19,16081.955
1756456166.3051527,405,17,132.083
1756456166.665035,406,11,449.386
1756456166.665035,406,19,15121.081
1756456166.665035,406,17,135.934
1756456167.028227,407,11,464.765
1756456167.028227,407,19,14241.777
1756456167.028227,407,17,127.303
1756456167.4170117,408,11,478.524
1756456167.418303,408,19,13473.170
1756456167.418303,408,17,120.243
1756456167.7485125,409,11,493.554
1756456167.7485125,409,19,12786.812
1756456167.7485125,409,17,108.446
1756456168.1349788,410,11,508.931
1756456168.1349788,410,19,12152.615
1756456168.1349788,410,17,110.888
1756456168.4584365,411,11,523.440
1756456168.4584365,411,19,14202.092
1756456168.4584365,411,17,112.190
1756456168.7770932,412,11,525.590
1756456168.7770932,412,19,19485.891
1756456168.7770932,412,17,111.013
1756456169.1206634,413,11,559.982
1756456169.1206634,413,19,33462.938
1756456169.1206634,413,17,112.535
1756456169.5279877,414,11,583.790
1756456169.5279877,414,19,163594.109
1756456169.5279877,414,17,112.123
1756456169.8813064,415,11,606.576
1756456169.8813064,415,19,58387.789
1756456169.8813064,415,17,113.069
1756456170.2363405,416,11,635.284
1756456170.2363405,416,19,23119.420
1756456170.2376187,416,17,115.245
1756456170.6324732,417,11,660.611
1756456170.6324732,417,19,13993.192
1756456170.6324732,417,17,116.325
1756456170.9941344,418,11,676.487
1756456170.9941344,418,19,9680.816
1756456170.9941344,418,17,119.018
1756456171.3230977,419,11,697.870
1756456171.3230977,419,19,7411.228
1756456171.3230977,419,17,121.364
1756456171.6960685,420,11,732.380
1756456171.6960685,420,19,5838.621
1756456171.6960685,420,17,124.062
1756456172.1042316,421,11,766.053
1756456172.1042316,421,19,4818.834
1756456172.1042316,421,17,126.458
1756456172.4512305,422,11,786.468
1756456172.4512305,422,19,4066.470
1756456172.4512305,422,17,130.083
1756456172.8368385,423,11,828.680
1756456172.8368385,423,19,3477.683
1756456172.8368385,423,17,131.912
1756456173.1848123,424,11,873.070
1756456173.1848123,424,19,3027.918
1756456173.1848123,424,17,135.920
1756456173.4964335,425,11,918.346
1756456173.4964335,425,19,2666.396
1756456173.4964335,425,17,138.262
1756456173.9374256,426,11,979.622
1756456173.9374256,426,19,2347.056
1756456173.9374256,426,17,141.728
1756456174.3932085,427,11,1037.665
1756456174.3932085,427,19,2113.028
1756456174.3932085,427,17,146.135
1756456174.750303,428,11,1084.466
1756456174.750303,428,19,1891.592
1756456174.7513006,428,17,149.631
1756456175.1563199,429,11,1117.371
1756456175.1563199,429,19,1731.451
1756456175.1576946,429,17,150.910
1756456175.575043,430,11,1172.593
1756456175.575043,430,19,1594.666
1756456175.575043,430,17,152.483
1756456175.9506795,431,11,1224.745
1756456175.9506795,431,19,1453.411
1756456175.9506795,431,17,153.475
1756456176.333883,432,11,1305.409
1756456176.333883,432,19,1337.483
1756456176.333883,432,17,155.591
1756456176.7256873,433,11,1368.099
1756456176.7256873,433,19,1242.455
1756456176.7256873,433,17,159.096
1756456177.0695944,434,11,1465.450
1756456177.0695944,434,19,1141.737
1756456177.0695944,434,17,162.146
1756456177.3982563,435,11,1564.639
1756456177.3982563,435,19,1066.642
1756456177.3982563,435,17,166.738
1756456177.7441769,436,11,1690.325
1756456177.7441769,436,19,1001.936
1756456177.7441769,436,17,170.512
1756456178.0780256,437,11,1778.024
1756456178.0780256,437,19,930.620
1756456178.0780256,437,17,174.205
1756456178.4639175,438,11,1925.987
1756456178.4639175,438,19,874.540
1756456178.4639175,438,17,179.370
1756456178.8108487,439,11,2040.018
1756456178.8108487,439,19,817.000
1756456178.8108487,439,17,184.858
1756456179.1783478,440,11,2191.531
1756456179.1783478,440,19,770.418
1756456179.1783478,440,17,187.845
1756456179.5151415,441,11,2356.314
1756456179.5151415,441,19,726.152
1756456179.5151415,441,17,190.940
1756456179.8623862,442,11,2538.430
1756456179.8623862,442,19,688.286
1756456179.8623862,442,17,197.544
1756456180.234112,443,11,2796.851
1756456180.234112,443,19,653.327
1756456180.234112,443,17,201.007
1756456180.5954454,444,11,3050.165
1756456180.5954454,444,19,616.625
1756456180.5954454,444,17,206.618
1756456180.9368927,445,11,3370.734
1756456180.9368927,445,19,580.511
1756456180.9368927,445,17,211.816
1756456181.3035405,446,11,3698.655
1756456181.3035405,446,19,558.547
1756456181.3035405,446,17,213.547
1756456181.718418,447,11,4100.000
1756456181.718418,447,19,533.784
1756456181.718418,447,17,218.052
1756456182.158571,448,11,4540.812
1756456182.158571,448,19,509.917
1756456182.158571,448,17,224.036
1756456182.5479205,449,11,5066.789
1756456182.5479205,449,19,484.810
1756456182.5479205,449,17,230.176
1756456182.9402392,450,11,5761.078
1756456182.9402392,450,19,458.489
1756456182.9402392,450,17,236.804
1756456183.2958033,451,11,6668.521
1756456183.2958033,451,19,441.945
1756456183.2958033,451,17,241.274
1756456183.7170758,452,11,7996.998
1756456183.7170758,452,19,427.174
1756456183.7170758,452,17,244.102
1756456184.1207283,453,11,9528.177
1756456184.1207283,453,19,410.288
1756456184.1207283,453,17,251.280
1756456184.4835,454,11,11530.749
1756456184.4835,454,19,389.297
1756456184.4835,454,17,257.792
1756456184.882311,455,11,14790.266
1756456184.882311,455,19,370.104
1756456184.882311,455,17,264.663
1756456185.1556556,456,11,19753.084
1756456185.1556556,456,19,359.745
1756456185.1556556,456,17,270.755
1756456185.4995496,457,11,29448.695
1756456185.4995496,457,19,347.054
1756456185.4995496,457,17,271.468
1756456185.8925908,458,11,61107.234
1756456185.8925908,458,19,335.610
1756456185.8925908,458,17,277.892
1756456186.2619267,459,11,407635.562
1756456186.2619267,459,19,322.740
1756456186.2619267,459,17,286.038
1756456186.6395676,460,11,105440.211
1756456186.6395676,460,19,307.941
1756456186.6395676,460,17,298.332
1756456187.0409584,461,11,46261.832
1756456187.0409584,461,19,298.737
1756456187.0409584,461,17,306.225
1756456187.4093213,462,11,31399.291
1756456187.4093213,462,19,290.657
1756456187.4093213,462,17,315.409
1756456187.7659562,463,11,23785.061
1756456187.7659562,463,19,284.505
1756456187.7659562,463,17,324.085
1756456188.1240041,464,11,19779.041
1756456188.1252723,464,19,272.339
1756456188.1252723,464,17,336.547
1756456188.446382,465,11,17670.381
1756456188.446382,465,19,259.997
1756456188.446382,465,17,347.043
1756456188.8717222,466,11,15787.750
1756456188.8717222,466,19,252.832
1756456188.8737247,466,17,352.515
1756456189.1849773,467,11,14403.624
1756456189.1849773,467,19,245.215
1756456189.1849773,467,17,363.277
1756456189.5291586,468,11,13617.147
1756456189.5291586,468,19,238.077
1756456189.5309026,468,17,374.278
1756456189.949962,469,11,13182.048
1756456189.949962,469,19,230.359
1756456189.949962,469,17,384.563
1756456190.3304389,470,11,12863.682
1756456190.3304389,470,19,223.655
1756456190.3304389,470,17,395.893
1756456190.724673,471,11,12727.512
1756456190.724673,471,19,213.091
1756456190.724673,471,17,409.740
1756456191.0793478,472,11,12689.436
1756456191.0793478,472,19,206.781
1756456191.0793478,472,17,426.994
1756456191.4531891,473,11,12905.991
1756456191.4531891,473,19,204.222
1756456191.4531891,473,17,439.658
1756456191.8605812,474,11,13398.124
1756456191.8615794,474,19,202.653
1756456191.8615794,474,17,447.562
1756456192.3136902,475,11,14282.995
1756456192.3136902,475,19,196.098
1756456192.3136902,475,17,460.722
1756456192.747145,476,11,15638.526
1756456192.747145,476,19,186.794
1756456192.747145,476,17,479.453
1756456193.1406012,477,11,17223.084
1756456193.1406012,477,19,182.026
1756456193.1406012,477,17,491.542
1756456193.4941773,478,11,19309.926
1756456193.4941773,478,19,181.746
1756456193.495175,478,17,514.323
1756456193.9200993,479,11,22665.975
1756456193.9200993,479,19,177.339
1756456193.9200993,479,17,537.415
1756456194.250721,480,11,27752.080
1756456194.250721,480,19,170.689
1756456194.250721,480,17,562.724
1756456194.6194642,481,11,37549.648
1756456194.6194642,481,19,165.028
1756456194.6194642,481,17,594.349
1756456195.0071502,482,11,69363.008
1756456195.0071502,482,19,160.398
1756456195.0071502,482,17,621.649
1756456195.3798003,483,11,416047.406
1756456195.3798003,483,19,157.621
1756456195.3798003,483,17,641.659
1756456195.7158504,484,11,96881.914
1756456195.7158504,484,19,154.729
1756456195.7158504,484,17,665.620
1756456196.0909183,485,11,37560.555
1756456196.0909183,485,19,149.313
1756456196.0909183,485,17,699.629
1756456196.4679961,486,11,22497.227
1756456196.4679961,486,19,143.862
1756456196.4679961,486,17,735.187
1756456196.4679961,486,20,9.727
1756456196.8474758,487,11,14718.431
1756456196.8474758,487,19,137.626
1756456196.8474758,487,17,765.861
1756456196.8474758,487,20,9.891
1756456197.1719103,488,11,10524.328
1756456197.1719103,488,19,137.020
1756456197.1719103,488,17,801.427
1756456197.1719103,488,20,10.010
1756456197.4885347,489,11,8190.441
1756456197.4885347,489,19,137.343
1756456197.4885347,489,17,836.401
1756456197.4885347,489,20,10.002
1756456197.8244083,490,11,6103.417
1756456197.8244083,490,19,135.744
1756456197.8244083,490,17,882.341
1756456197.8244083,490,20,9.745
1756456198.2029436,491,11,4411.190
1756456198.2029436,491,19,132.100
1756456198.2029436,491,17,933.182
1756456198.2029436,491,20,9.199
1756456198.5725293,492,11,3326.756
1756456198.5725293,492,19,128.178
1756456198.5725293,492,17,980.039
1756456198.5725293,492,20,8.777
1756456198.9342387,493,11,2528.013
1756456198.9342387,493,19,125.067
1756456198.9342387,493,17,1038.674
1756456198.9342387,493,20,8.340
1756456199.3219352,494,11,1820.549
1756456199.3219352,494,19,122.406
1756456199.3219352,494,17,1088.284
1756456199.3219352,494,20,8.023
1756456199.6994135,495,11,1204.103
1756456199.6994135,495,19,121.705
1756456199.6994135,495,17,1152.621
1756456199.6994135,495,20,7.917
1756456200.1084135,496,11,665.880
1756456200.1084135,496,19,116.559
1756456200.1084135,496,17,1225.176
1756456200.1084135,496,20,7.753
1756456200.548348,497,11,277.438
1756456200.548348,497,19,112.848
1756456200.548348,497,17,1299.119
1756456200.548348,497,20,7.551
1756456200.9050956,498,11,0.261
1756456200.9050956,498,19,111.719
1756456200.9050956,498,17,1384.013
1756456200.9050956,498,20,7.599
1756456201.2961462,499,11,81.747
1756456201.2961462,499,19,108.839
1756456201.2961462,499,17,1473.991
1756456201.2961462,499,20,7.766
1756456201.6894066,500,11,121.045
1756456201.6894066,500,19,108.696
1756456201.6894066,500,17,1604.611
1756456201.6894066,500,20,8.382
1756456202.103246,501,11,123.493
1756456202.103246,501,19,105.499
1756456202.103246,501,17,1729.470
1756456202.103246,501,20,9.111
1756456202.4871666,502,11,124.289
1756456202.4871666,502,19,101.843
1756456202.4871666,502,17,1856.589
1756456202.4871666,502,20,9.101
1756456202.8553717,503,11,124.307
1756456202.8553717,503,19,100.686
1756456202.8553717,503,17,2009.000
1756456202.8553717,503,20,9.353
1756456203.2117543,504,11,111.443
1756456203.2117543,504,19,99.588
1756456203.2117543,504,17,2204.945
1756456203.2117543,504,20,9.156
1756456203.5778263,505,11,115.864
1756456203.5778263,505,19,96.873
1756456203.5778263,505,17,2383.161
1756456203.5778263,505,20,8.850
1756456203.9534223,506,11,92.944
1756456203.9534223,506,19,93.857
1756456203.9534223,506,17,2592.526
1756456203.9534223,506,20,8.411
1756456204.3046832,507,11,31.800
1756456204.3046832,507,19,91.843
1756456204.3046832,507,17,2892.876
1756456204.3046832,507,20,8.005
1756456204.664298,508,11,2.550
1756456204.664298,508,19,89.430
1756456204.664298,508,17,3186.652
1756456204.664298,508,20,7.775
1756456205.035216,509,11,31.035
1756456205.0362158,509,19,89.619
1756456205.0362158,509,17,3527.469
1756456205.0362158,509,20,7.641
1756456205.4375694,510,11,44.696
1756456205.4375694,510,19,87.736
1756456205.4375694,510,17,3959.551
1756456205.4375694,510,20,7.324
1756456205.8718941,511,11,166.434
1756456205.8718941,511,19,86.977
1756456205.8718941,511,17,4435.929
1756456205.8718941,511,20,7.614
1756456206.2530396,512,11,160.851
1756456206.2530396,512,19,84.107
1756456206.2530396,512,17,4976.946
1756456206.2530396,512,20,8.423
1756456206.5958743,513,11,170.472
1756456206.5958743,513,19,80.421
1756456206.5958743,513,17,5742.720
1756456206.5958743,513,20,9.333
1756456206.9736502,514,11,185.084
1756456206.9736502,514,19,78.936
1756456206.9736502,514,17,6800.891
1756456206.9736502,514,20,9.984
1756456207.3362842,515,11,181.253
1756456207.3362842,515,19,77.745
1756456207.3362842,515,17,8080.941
1756456207.3362842,515,20,10.633
1756456207.6925807,516,19,76.133
1756456207.6925807,516,17,10129.635
1756456207.6925807,516,20,10.744
1756456208.0458322,517,19,76.656
1756456208.0458322,517,17,12978.945
1756456208.0458322,517,20,10.691
1756456208.435962,518,19,75.551
1756456208.435962,518,17,16998.682
1756456208.435962,518,20,10.671
1756456208.7881527,519,19,73.884
1756456208.7881527,519,17,25691.891
1756456208.7891526,519,20,10.418
1756456209.1406536,520,19,74.741
1756456209.1406536,520,17,48656.324
1756456209.1406536,520,20,10.256
1756456209.5304763,521,19,73.327
1756456209.5304763,521,17,330101.219
1756456209.5304763,521,20,10.259
1756456209.8753285,522,19,69.914
1756456209.8753285,522,17,91293.969
1756456209.8753285,522,20,10.305
1756456210.3145373,523,19,70.050
1756456210.3145373,523,17,39538.668
1756456210.3145373,523,20,10.086
1756456210.7473128,524,19,67.745
1756456210.7473128,524,17,26562.666
1756456210.7473128,524,20,9.606
1756456211.1456127,525,19,66.353
1756456211.1456127,525,17,20160.566
1756456211.1456127,525,20,9.201
1756456211.5271726,526,19,66.249
1756456211.5271726,526,17,16899.318
1756456211.5271726,526,20,9.793
1756456211.8811162,527,19,65.196
1756456211.8811162,527,17,14764.192
1756456211.8811162,527,20,9.937
1756456212.2695987,528,19,63.684
1756456212.2695987,528,17,13255.393
1756456212.2695987,528,20,9.758
1756456212.604955,529,19,60.797
1756456212.604955,529,17,12272.784
1756456212.604955,529,20,9.798
1756456212.9135106,530,19,61.060
1756456212.9135106,530,17,11634.604
1756456212.9135106,530,20,9.997
1756456213.280517,531,19,61.254
1756456213.280517,531,17,11214.279
1756456213.280517,531,20,10.321
1756456213.6657856,532,19,60.466
1756456213.6657856,532,17,10913.375
1756456213.6657856,532,20,10.818
1756456214.0066693,533,19,58.485
1756456214.0066693,533,17,10780.269
1756456214.0066693,533,20,11.538
1756456214.3581433,534,19,58.397
1756456214.3581433,534,17,11058.596
1756456214.3581433,534,20,12.680
1756456214.7149394,535,19,57.392
1756456214.7149394,535,17,11510.631
1756456215.0150497,536,19,56.115
1756456215.0150497,536,17,12094.684
1756456215.3696277,537,19,56.590
1756456215.3696277,537,17,12914.868
1756456215.7139032,538,19,56.840
1756456215.7139032,538,17,14029.772
